timestamp,position_lat,position_long,distance,enhanced_altitude,altitude,enhanced_speed,speed,heart_rate,cadence,fractional_cadence
2018-06-13 01:38:35-05:00,48.204357493668795,16.422207159921527,0.0,185.0,185.0,0.0,0.0,96,0,0.0
2018-06-13 01:38:41-05:00,48.20434081368148,16.42213298007846,0.00697,178.79999999999995,178.79999999999995,9.6408,9.6408,92,85,0.5
2018-06-13 01:38:48-05:00,48.204342825338244,16.421929383650422,0.02138,177.0,177.0,9.54,9.54,97,86,0.5
2018-06-13 01:38:49-05:00,48.204345759004354,16.42188973724842,0.02435,177.39999999999998,177.39999999999998,9.709200000000001,9.709200000000001,102,86,0.5
2018-06-13 01:38:50-05:00,48.204348273575306,16.42184824682772,0.027440000000000003,178.39999999999998,178.39999999999998,9.7416,9.7416,106,85,0.5
2018-06-13 01:38:51-05:00,48.204350620508194,16.421807510778308,0.03048,179.39999999999998,179.39999999999998,9.7416,9.7416,111,85,0.5
2018-06-13 01:38:52-05:00,48.204351207241416,16.421773647889495,0.033,179.79999999999995,179.79999999999995,9.7416,9.7416,116,85,0.5
2018-06-13 01:38:53-05:00,48.20435590110719,16.42173919826746,0.03561,179.79999999999995,179.79999999999995,9.774,9.774,115,86,0.5
2018-06-13 01:38:55-05:00,48.204362355172634,16.421675495803356,0.0404,180.0,180.0,9.7416,9.7416,119,86,0.5
2018-06-13 01:38:59-05:00,48.2043641153723,16.421541636809707,0.05043,181.20000000000005,181.20000000000005,9.6084,9.6084,124,85,0.5
2018-06-13 01:39:00-05:00,48.204360511153936,16.421515652909875,0.052399999999999995,181.20000000000005,181.20000000000005,9.5724,9.5724,124,85,0.5
2018-06-13 01:39:02-05:00,48.204359421506524,16.42145236954093,0.0571,182.20000000000005,182.20000000000005,9.4392,9.4392,127,85,0.5
2018-06-13 01:39:07-05:00,48.20436746813357,16.42128372564912,0.06963,184.60000000000002,184.60000000000002,9.370800000000001,9.370800000000001,130,86,0.5
2018-06-13 01:39:14-05:00,48.20439253002405,16.421065628528595,0.08606,185.0,185.0,9.1368,9.1368,133,85,0.5
2018-06-13 01:39:20-05:00,48.204456651583314,16.42090075649321,0.10055,183.79999999999995,183.79999999999995,9.036,9.036,136,86,0.5
2018-06-13 01:39:26-05:00,48.2045522890985,16.420716186985373,0.11801,182.39999999999998,182.39999999999998,9.1368,9.1368,139,86,0.5
2018-06-13 01:39:32-05:00,48.20461884140968,16.420565731823444,0.13146000000000002,182.20000000000005,182.20000000000005,9.1044,9.1044,142,85,0.5
2018-06-13 01:39:34-05:00,48.204642897471786,16.420509070158005,0.13644,181.39999999999998,181.39999999999998,9.0684,9.0684,145,85,0.5
2018-06-13 01:39:37-05:00,48.20469017140567,16.42040873877704,0.14556,181.0,181.0,9.0684,9.0684,142,85,0.5
2018-06-13 01:39:39-05:00,48.20472336374223,16.420332044363022,0.15234999999999999,181.0,181.0,9.1368,9.1368,138,85,0.5
2018-06-13 01:39:46-05:00,48.20484188385308,16.4201017934829,0.17388,179.20000000000005,179.20000000000005,9.370800000000001,9.370800000000001,140,85,0.5
2018-06-13 01:40:00-05:00,48.20494070649147,16.41987849958241,0.19404,177.0,177.0,4.5360000000000005,4.5360000000000005,142,83,0.5
2018-06-13 01:40:01-05:00,48.204926792532206,16.4198531024158,0.19646,176.79999999999995,176.79999999999995,4.6368,4.6368,142,83,0.5
2018-06-13 01:40:08-05:00,48.20482964627445,16.41966735944152,0.21399,175.79999999999995,175.79999999999995,8.600399999999999,8.600399999999999,139,86,0.5
2018-06-13 01:40:16-05:00,48.20469746366143,16.419443311169744,0.2362,175.39999999999998,175.39999999999998,9.5076,9.5076,137,86,0.5
2018-06-13 01:40:21-05:00,48.20461180061102,16.41930878162384,0.25002,174.60000000000002,174.60000000000002,9.6084,9.6084,140,84,0.5
2018-06-13 01:40:29-05:00,48.204463524743915,16.419108035042882,0.27225,173.0,173.0,9.709200000000001,9.709200000000001,140,84,0.5
2018-06-13 01:40:36-05:00,48.2043366227299,16.418913574889302,0.29245,170.79999999999995,170.79999999999995,9.8424,9.8424,138,84,0.5
2018-06-13 01:40:44-05:00,48.204203099012375,16.41872489824891,0.31289999999999996,168.60000000000002,168.60000000000002,9.81,9.81,138,84,0.5
2018-06-13 01:40:52-05:00,48.204067815095186,16.41854058019817,0.33325,167.0,167.0,9.6732,9.6732,134,84,0.5
2018-06-13 01:40:56-05:00,48.20400696247816,16.41843211837113,0.3438,165.60000000000002,165.60000000000002,9.6084,9.6084,131,84,0.5
2018-06-13 01:41:03-05:00,48.20385851897299,16.41827085055411,0.36448,164.39999999999998,164.39999999999998,9.709200000000001,9.709200000000001,133,85,0.5
2018-06-13 01:41:06-05:00,48.203787272796035,16.418240759521723,0.37266000000000005,164.39999999999998,164.39999999999998,9.709200000000001,9.709200000000001,130,85,0.5
2018-06-13 01:41:11-05:00,48.20369767025113,16.418304461985826,0.38393,163.79999999999995,163.79999999999995,9.6084,9.6084,133,84,0.5
2018-06-13 01:41:19-05:00,48.20356406271458,16.418493390083313,0.40431,161.79999999999995,161.79999999999995,9.5724,9.5724,133,85,0.5
2018-06-13 01:41:28-05:00,48.20343322120607,16.418700171634555,0.4255,158.60000000000002,158.60000000000002,9.4068,9.4068,132,85,0.5
2018-06-13 01:41:36-05:00,48.203303050249815,16.418900080025196,0.44626,156.60000000000002,156.60000000000002,9.370800000000001,9.370800000000001,134,85,0.5
2018-06-13 01:41:44-05:00,48.203179333359,16.41910996288061,0.46708,153.79999999999995,153.79999999999995,9.3384,9.3384,135,84,0.5
2018-06-13 01:41:51-05:00,48.20304815657437,16.419311463832855,0.48802999999999996,152.0,152.0,9.370800000000001,9.370800000000001,138,84,0.5
2018-06-13 01:41:58-05:00,48.20291136391461,16.41954037360847,0.51083,150.39999999999998,150.39999999999998,9.5724,9.5724,138,84,0.5
2018-06-13 01:42:06-05:00,48.20279250852764,16.419768948107958,0.53234,147.79999999999995,147.79999999999995,9.6408,9.6408,139,85,0.5
2018-06-13 01:42:13-05:00,48.2026822026819,16.419983943924308,0.5524600000000001,146.60000000000002,146.60000000000002,9.6408,9.6408,139,85,0.5
2018-06-13 01:42:20-05:00,48.20255848579109,16.420206064358354,0.57396,145.79999999999995,145.79999999999995,9.8748,9.8748,137,84,0.5
2018-06-13 01:42:27-05:00,48.2024456653744,16.42042768187821,0.5946699999999999,144.79999999999995,144.79999999999995,10.011600000000001,10.011600000000001,138,85,0.5
2018-06-13 01:42:35-05:00,48.20232018828392,16.420666817575693,0.61724,143.79999999999995,143.79999999999995,9.9756,9.9756,139,85,0.5
2018-06-13 01:42:42-05:00,48.20220669731498,16.420887764543295,0.63798,143.0,143.0,10.112400000000001,10.112400000000001,138,85,0.5
2018-06-13 01:42:50-05:00,48.20208063349128,16.421110723167658,0.65986,142.39999999999998,142.39999999999998,10.044,10.044,138,84,0.5
2018-06-13 01:42:58-05:00,48.20196068845689,16.42132680863142,0.6808,141.0,141.0,10.011600000000001,10.011600000000001,137,84,0.5
2018-06-13 01:43:02-05:00,48.201902601867914,16.421443233266473,0.6916100000000001,140.79999999999995,140.79999999999995,9.943200000000001,9.943200000000001,140,84,0.5
2018-06-13 01:43:10-05:00,48.201779974624515,16.42167071811855,0.71329,140.60000000000002,140.60000000000002,9.943200000000001,9.943200000000001,141,85,0.5
2018-06-13 01:43:16-05:00,48.20168643258512,16.421839278191328,0.7295499999999999,140.0,140.0,9.9108,9.9108,138,85,0.5
2018-06-13 01:43:24-05:00,48.201551316305995,16.422059638425708,0.7517699999999999,140.0,140.0,9.9108,9.9108,136,85,0.5
2018-06-13 01:43:32-05:00,48.201421312987804,16.422292571514845,0.77425,140.0,140.0,9.9108,9.9108,136,85,0.5
2018-06-13 01:43:39-05:00,48.201314276084304,16.42252500168979,0.79522,140.60000000000002,140.60000000000002,9.9756,9.9756,137,85,0.5
2018-06-13 01:43:46-05:00,48.20120472460985,16.42274435609579,0.81549,140.39999999999998,140.39999999999998,10.044,10.044,138,84,0.5
2018-06-13 01:43:51-05:00,48.20113289169967,16.422884920611978,0.8288099999999999,140.79999999999995,140.79999999999995,10.044,10.044,142,84,0.5
2018-06-13 01:44:00-05:00,48.201025016605854,16.423137467354536,0.8510700000000001,141.79999999999995,141.79999999999995,9.9108,9.9108,143,85,0.5
2018-06-13 01:44:08-05:00,48.20091286674142,16.423370065167546,0.87236,144.39999999999998,144.39999999999998,9.9108,9.9108,145,85,0.5
2018-06-13 01:44:16-05:00,48.2007965259254,16.423587407916784,0.89313,143.79999999999995,143.79999999999995,9.81,9.81,146,84,0.5
2018-06-13 01:44:22-05:00,48.200713377445936,16.42376057803631,0.90904,145.20000000000005,145.20000000000005,9.774,9.774,143,85,0.5
2018-06-13 01:44:27-05:00,48.20064011961222,16.423910865560174,0.92288,144.0,144.0,9.774,9.774,143,85,0.5
2018-06-13 01:44:36-05:00,48.2005356810987,16.424141535535455,0.94362,144.60000000000002,144.60000000000002,9.6408,9.6408,141,85,0.5
2018-06-13 01:44:46-05:00,48.20043928921223,16.424375558272004,0.96433,147.20000000000005,147.20000000000005,9.370800000000001,9.370800000000001,142,85,0.5
2018-06-13 01:44:49-05:00,48.20036175660789,16.424478152766824,0.97576,149.0,149.0,9.4392,9.4392,145,85,0.5
2018-06-13 01:44:56-05:00,48.20022580213845,16.424701949581504,0.9981,152.0,152.0,9.9756,9.9756,144,86,0.5
2018-06-13 01:44:57-05:00,48.20020669139922,16.42473497428,1.0013400000000001,151.39999999999998,151.39999999999998,9.9756,9.9756,144,85,0.5
2018-06-13 01:45:04-05:00,48.20009931921959,16.424952819943428,1.02153,154.20000000000005,154.20000000000005,9.8424,9.8424,144,85,0.5
2018-06-13 01:45:11-05:00,48.19999471306801,16.42517913132906,1.0420399999999999,152.39999999999998,152.39999999999998,9.9108,9.9108,144,85,0.5
2018-06-13 01:45:19-05:00,48.19986236281693,16.42542153596878,1.06535,152.0,152.0,9.9756,9.9756,144,85,0.5
2018-06-13 01:45:30-05:00,48.19973445497453,16.425610799342394,1.0855,153.79999999999995,153.79999999999995,9.4068,9.4068,143,87,0.0
2018-06-13 01:45:37-05:00,48.19968692958355,16.4257400482893,1.09635,156.79999999999995,156.79999999999995,7.556400000000001,7.556400000000001,143,86,0.0
2018-06-13 01:45:43-05:00,48.199573354795575,16.4259662758559,1.11731,150.0,150.0,9.6732,9.6732,144,86,0.5
2018-06-13 01:45:48-05:00,48.199455086141825,16.426177583634853,1.13771,150.39999999999998,150.39999999999998,10.4148,10.4148,146,85,0.5
2018-06-13 01:45:53-05:00,48.19933413527906,16.426394674926996,1.15872,154.0,154.0,10.9512,10.9512,145,86,0.5
2018-06-13 01:45:59-05:00,48.19923589937389,16.426620399579406,1.17873,158.39999999999998,158.39999999999998,10.749600000000001,10.749600000000001,145,87,0.0
2018-06-13 01:46:05-05:00,48.19913531653583,16.42682148143649,1.1973900000000002,165.0,165.0,10.648800000000001,10.648800000000001,148,86,0.5
2018-06-13 01:46:12-05:00,48.19899391382933,16.427032705396414,1.21962,168.20000000000005,168.20000000000005,10.749600000000001,10.749600000000001,145,86,0.5
2018-06-13 01:46:19-05:00,48.19886357523501,16.427264381200075,1.2421600000000002,172.79999999999995,172.79999999999995,10.9512,10.9512,144,86,0.0
2018-06-13 01:46:26-05:00,48.19874295964837,16.427498487755656,1.2642,171.60000000000002,171.60000000000002,10.983600000000001,10.983600000000001,143,86,0.0
2018-06-13 01:46:32-05:00,48.19864422082901,16.427682135254145,1.28176,167.0,167.0,10.983600000000001,10.983600000000001,145,86,0.0
2018-06-13 01:46:39-05:00,48.19853634573519,16.427903752774,1.3020999999999998,164.60000000000002,164.60000000000002,10.9152,10.9152,146,86,0.0
2018-06-13 01:46:46-05:00,48.198417238891125,16.428137188777328,1.3238699999999999,166.39999999999998,166.39999999999998,10.983600000000001,10.983600000000001,144,85,0.5
2018-06-13 01:46:54-05:00,48.19829385727644,16.42836743965745,1.3457999999999999,165.20000000000005,165.20000000000005,10.9512,10.9512,145,85,0.5
2018-06-13 01:46:57-05:00,48.19824264384806,16.428457545116544,1.35459,163.79999999999995,163.79999999999995,10.882800000000001,10.882800000000001,145,86,0.5
2018-06-13 01:47:03-05:00,48.198148515075445,16.42864689230919,1.3721199999999998,158.79999999999995,158.79999999999995,10.850399999999999,10.850399999999999,148,86,0.0
2018-06-13 01:47:11-05:00,48.198024882003665,16.428880831226707,1.3943299999999998,153.60000000000002,153.60000000000002,10.749600000000001,10.749600000000001,145,85,0.5
2018-06-13 01:47:18-05:00,48.19787367247045,16.42909557558596,1.41748,151.79999999999995,151.79999999999995,10.850399999999999,10.850399999999999,143,86,0.0
2018-06-13 01:47:26-05:00,48.1977379694581,16.429326999932528,1.44031,151.20000000000005,151.20000000000005,10.814400000000001,10.814400000000001,142,85,0.5
2018-06-13 01:47:34-05:00,48.19762364029884,16.4295787923038,1.46293,150.39999999999998,150.39999999999998,10.782,10.782,140,86,0.0
2018-06-13 01:47:42-05:00,48.1975172739476,16.42981960438192,1.48441,147.39999999999998,147.39999999999998,10.648800000000001,10.648800000000001,141,85,0.5
2018-06-13 01:47:45-05:00,48.197466814890504,16.429907949641347,1.49304,146.60000000000002,146.60000000000002,10.648800000000001,10.648800000000001,144,86,0.5
2018-06-13 01:47:52-05:00,48.197340834885836,16.430131662636995,1.51478,148.60000000000002,148.60000000000002,10.6812,10.6812,145,86,0.5
2018-06-13 01:47:59-05:00,48.197218207642436,16.43037431873381,1.5373800000000002,152.0,152.0,10.782,10.782,145,87,0.0
2018-06-13 01:48:02-05:00,48.19716456346214,16.43046702258289,1.5465,153.20000000000005,153.20000000000005,10.782,10.782,145,86,0.0
2018-06-13 01:48:09-05:00,48.197033889591694,16.430669529363513,1.56744,155.60000000000002,155.60000000000002,10.814400000000001,10.814400000000001,148,86,0.0
2018-06-13 01:48:16-05:00,48.19691109471023,16.430888380855322,1.5886900000000002,155.39999999999998,155.39999999999998,10.850399999999999,10.850399999999999,148,87,0.0
2018-06-13 01:48:24-05:00,48.196781845763326,16.431113351136446,1.61076,157.60000000000002,157.60000000000002,10.782,10.782,147,86,0.5
2018-06-13 01:48:32-05:00,48.19667614996433,16.431357180699706,1.63255,158.79999999999995,158.79999999999995,10.648800000000001,10.648800000000001,147,86,0.0
2018-06-13 01:48:39-05:00,48.196541452780366,16.431546108797193,1.65312,159.79999999999995,159.79999999999995,10.648800000000001,10.648800000000001,147,86,0.0
2018-06-13 01:48:46-05:00,48.19641446694732,16.43175113014877,1.67392,157.20000000000005,157.20000000000005,10.648800000000001,10.648800000000001,148,87,0.0
2018-06-13 01:48:53-05:00,48.19628999568522,16.431961096823215,1.6947999999999999,150.60000000000002,150.60000000000002,10.648800000000001,10.648800000000001,148,87,0.0
2018-06-13 01:49:00-05:00,48.19618589244783,16.43218665383756,1.7152100000000001,144.79999999999995,144.79999999999995,10.648800000000001,10.648800000000001,148,85,0.5
2018-06-13 01:49:07-05:00,48.19605873897672,16.432424867525697,1.7378900000000002,140.39999999999998,140.39999999999998,10.6812,10.6812,147,86,0.0
2018-06-13 01:49:12-05:00,48.19597919471562,16.432572389021516,1.75199,134.79999999999995,134.79999999999995,10.648800000000001,10.648800000000001,152,86,0.0
2018-06-13 01:49:13-05:00,48.195963352918625,16.43260382115841,1.7549100000000002,135.0,135.0,10.648800000000001,10.648800000000001,152,86,0.0
2018-06-13 01:49:16-05:00,48.195918928831816,16.4326992072165,1.76355,136.60000000000002,136.60000000000002,10.648800000000001,10.648800000000001,148,86,0.0
2018-06-13 01:49:23-05:00,48.19579797796905,16.432922668755054,1.78497,143.20000000000005,143.20000000000005,10.648800000000001,10.648800000000001,147,85,0.5
2018-06-13 01:49:27-05:00,48.19571918807924,16.43305485136807,1.79817,144.60000000000002,144.60000000000002,10.6812,10.6812,150,86,0.0
2018-06-13 01:49:33-05:00,48.195601841434836,16.433246210217476,1.81748,141.0,141.0,10.749600000000001,10.749600000000001,153,86,0.0
2018-06-13 01:49:40-05:00,48.19548709318042,16.43346531316638,1.83819,140.0,140.0,10.782,10.782,153,86,0.0
2018-06-13 01:49:47-05:00,48.19536513648927,16.433680895715952,1.8591900000000001,140.20000000000005,140.20000000000005,10.782,10.782,150,86,0.0
2018-06-13 01:49:54-05:00,48.19525206461549,16.433903016149998,1.87995,142.79999999999995,142.79999999999995,10.782,10.782,151,86,0.0
2018-06-13 01:50:02-05:00,48.19510512985289,16.434110552072525,1.90243,144.0,144.0,10.749600000000001,10.749600000000001,152,86,0.0
2018-06-13 01:50:10-05:00,48.19497655145824,16.434337282553315,1.92459,143.79999999999995,143.79999999999995,10.648800000000001,10.648800000000001,151,87,0.0
2018-06-13 01:50:12-05:00,48.1949423532933,16.434388915076852,1.92999,144.20000000000005,144.20000000000005,10.6128,10.6128,151,87,0.0
2018-06-13 01:50:19-05:00,48.19482165388763,16.434591254219413,1.9501199999999999,142.39999999999998,142.39999999999998,10.6128,10.6128,150,88,0.0
2018-06-13 01:50:27-05:00,48.19471679627895,16.43482720479369,1.97126,145.0,145.0,10.4796,10.4796,148,87,0.0
2018-06-13 01:50:35-05:00,48.194609424099326,16.435053264722228,1.99191,152.39999999999998,152.39999999999998,10.314000000000002,10.314000000000002,149,86,0.0
2018-06-13 01:50:38-05:00,48.194543877616525,16.435138592496514,2.00157,155.60000000000002,155.60000000000002,10.314000000000002,10.314000000000002,149,87,0.0
2018-06-13 01:50:45-05:00,48.19442896172404,16.435369849205017,2.02302,156.60000000000002,156.60000000000002,10.314000000000002,10.314000000000002,147,86,0.0
2018-06-13 01:50:52-05:00,48.19430951960385,16.435611499473453,2.0453900000000003,160.79999999999995,160.79999999999995,10.3788,10.3788,149,86,0.5
2018-06-13 01:50:58-05:00,48.19416635669768,16.43584451638162,2.06892,168.20000000000005,168.20000000000005,10.4796,10.4796,150,86,0.5
2018-06-13 01:51:05-05:00,48.194051859900355,16.436070324853063,2.08987,172.0,172.0,10.580400000000001,10.580400000000001,151,86,0.5
2018-06-13 01:51:16-05:00,48.19392831064761,16.43628372810781,2.1109299999999998,175.0,175.0,9.6732,9.6732,149,85,0.5
2018-06-13 01:51:22-05:00,48.19379160180688,16.43649629317224,2.13286,174.0,174.0,10.648800000000001,10.648800000000001,148,86,0.5
2018-06-13 01:51:28-05:00,48.19367534480989,16.436708942055702,2.1533200000000003,175.79999999999995,175.79999999999995,10.7136,10.7136,150,87,0.0
2018-06-13 01:51:35-05:00,48.19355607032776,16.436942545697093,2.1750100000000003,173.79999999999995,173.79999999999995,10.814400000000001,10.814400000000001,150,87,0.0
2018-06-13 01:51:43-05:00,48.193442495539784,16.437189895659685,2.1973000000000003,167.39999999999998,167.39999999999998,10.5156,10.5156,151,86,0.5
2018-06-13 01:51:50-05:00,48.19333537481725,16.43741142936051,2.21767,161.0,161.0,10.346400000000001,10.346400000000001,151,86,0.5
2018-06-13 01:51:57-05:00,48.19322230294347,16.437643356621265,2.2391900000000002,156.39999999999998,156.39999999999998,10.4148,10.4148,152,86,0.0
2018-06-13 01:52:05-05:00,48.193119037896395,16.437912499532104,2.2623200000000003,152.39999999999998,152.39999999999998,10.3788,10.3788,151,85,0.5
2018-06-13 01:52:13-05:00,48.19302407093346,16.438173009082675,2.28438,147.60000000000002,147.60000000000002,10.4472,10.4472,151,86,0.5
2018-06-13 01:52:15-05:00,48.192998338490725,16.438216511160135,2.28873,147.60000000000002,147.60000000000002,10.3788,10.3788,152,85,0.5
2018-06-13 01:52:19-05:00,48.19300068542361,16.438150461763144,2.2950100000000004,149.20000000000005,149.20000000000005,9.9756,9.9756,155,83,0.5
2018-06-13 01:52:20-05:00,48.19301803596318,16.438118191435933,2.29809,149.79999999999995,149.79999999999995,9.9108,9.9108,155,83,0.5
2018-06-13 01:52:26-05:00,48.19315633736551,16.43791920505464,2.3194299999999997,153.60000000000002,153.60000000000002,12.596400000000001,12.596400000000001,154,95,0.5
2018-06-13 01:52:31-05:00,48.193292543292046,16.437726421281695,2.34029,154.79999999999995,154.79999999999995,14.378400000000001,14.378400000000001,152,98,0.0
2018-06-13 01:52:36-05:00,48.19342522881925,16.43754151649773,2.36049,153.0,153.0,14.680800000000001,14.680800000000001,150,100,0.0
2018-06-13 01:52:41-05:00,48.193547101691365,16.437311181798577,2.38233,154.20000000000005,154.20000000000005,14.8788,14.8788,150,100,0.0
2018-06-13 01:52:46-05:00,48.193678529933095,16.437088139355183,2.4044,155.0,155.0,15.048,15.048,150,100,0.0
2018-06-13 01:52:51-05:00,48.19380182772875,16.43688580021262,2.42474,154.0,154.0,15.080400000000001,15.080400000000001,149,100,0.0
2018-06-13 01:52:57-05:00,48.19394155405462,16.43666527234018,2.4472199999999997,154.0,154.0,14.8788,14.8788,149,100,0.0
2018-06-13 01:53:03-05:00,48.19409393705428,16.436471734195948,2.4692,154.0,154.0,14.713199999999999,14.713199999999999,148,100,0.0
2018-06-13 01:53:09-05:00,48.19420583546162,16.43619521521032,2.49148,156.20000000000005,156.20000000000005,14.4792,14.4792,149,98,0.0
2018-06-13 01:53:13-05:00,48.19429250434041,16.435949290171266,2.51161,162.39999999999998,162.39999999999998,14.680800000000001,14.680800000000001,150,100,0.0
2018-06-13 01:53:18-05:00,48.19441848434508,16.435695150867105,2.5349299999999997,165.39999999999998,165.39999999999998,14.814000000000002,14.814000000000002,149,99,0.0
2018-06-13 01:53:21-05:00,48.19447707384825,16.435527009889483,2.54899,167.39999999999998,167.39999999999998,14.8788,14.8788,146,99,0.0
2018-06-13 01:53:22-05:00,48.194496436044574,16.435479568317533,2.55312,168.0,168.0,14.8788,14.8788,144,99,0.0
2018-06-13 01:53:25-05:00,48.19455720484257,16.435347637161613,2.5650500000000003,168.0,168.0,14.7816,14.7816,148,99,0.0
2018-06-13 01:53:31-05:00,48.19470481015742,16.435151752084494,2.58711,164.20000000000005,164.20000000000005,14.544,14.544,150,100,0.0
2018-06-13 01:53:36-05:00,48.19482609629631,16.43493801355362,2.60788,163.39999999999998,163.39999999999998,14.5116,14.5116,150,99,0.0
2018-06-13 01:53:38-05:00,48.19488728418946,16.43485796637833,2.6169000000000002,163.39999999999998,163.39999999999998,14.5116,14.5116,147,99,0.0
2018-06-13 01:53:43-05:00,48.19501862861216,16.43463710322976,2.63888,164.20000000000005,164.20000000000005,14.544,14.544,147,98,0.0
2018-06-13 01:53:47-05:00,48.19512306712568,16.4344450738281,2.65718,166.60000000000002,166.60000000000002,14.544,14.544,147,99,0.0
2018-06-13 01:53:52-05:00,48.19525022059679,16.43417140468955,2.68173,167.39999999999998,167.39999999999998,14.644799999999998,14.644799999999998,148,99,0.0
2018-06-13 01:53:57-05:00,48.19537620060146,16.433951212093234,2.7031300000000003,166.60000000000002,166.60000000000002,14.745600000000001,14.745600000000001,151,90,0.0
2018-06-13 01:54:02-05:00,48.19550042040646,16.433700174093246,2.7259,165.79999999999995,165.79999999999995,15.181199999999999,15.181199999999999,151,99,0.0
2018-06-13 01:54:08-05:00,48.1956398114562,16.433469420298934,2.74895,166.39999999999998,166.39999999999998,14.9148,14.9148,149,99,0.0
2018-06-13 01:54:12-05:00,48.19573670625687,16.43332173116505,2.76432,165.79999999999995,165.79999999999995,14.7816,14.7816,150,99,0.0
2018-06-13 01:54:18-05:00,48.19586251862347,16.43305250443518,2.78838,164.39999999999998,164.39999999999998,14.7816,14.7816,152,99,0.0
2018-06-13 01:54:24-05:00,48.19598405621946,16.432814206928015,2.81035,164.39999999999998,164.39999999999998,14.680800000000001,14.680800000000001,153,99,0.0
2018-06-13 01:54:27-05:00,48.196040550246835,16.432691998779774,2.8211999999999997,164.0,164.0,14.5116,14.5116,150,98,0.0
2018-06-13 01:54:33-05:00,48.196145156398416,16.432447247207165,2.8421999999999996,157.20000000000005,157.20000000000005,14.4108,14.4108,149,99,0.5
2018-06-13 01:54:39-05:00,48.19627256132662,16.432196628302336,2.86546,152.39999999999998,152.39999999999998,14.277600000000001,14.277600000000001,149,98,0.0
2018-06-13 01:54:42-05:00,48.19634271785617,16.432088585570455,2.87663,150.0,150.0,14.209200000000001,14.209200000000001,147,98,0.0
2018-06-13 01:54:48-05:00,48.19648160599172,16.43187819980085,2.89858,146.0,146.0,14.076,14.076,147,99,0.0
2018-06-13 01:54:52-05:00,48.196575064212084,16.431624982506037,2.91964,147.79999999999995,147.79999999999995,14.1768,14.1768,146,99,0.0
2018-06-13 01:54:57-05:00,48.19669567979872,16.43141560256481,2.94018,146.60000000000002,146.60000000000002,14.277600000000001,14.277600000000001,147,92,0.0
2018-06-13 01:55:03-05:00,48.19685334339738,16.431222399696708,2.96281,144.0,144.0,14.209200000000001,14.209200000000001,147,99,0.0
2018-06-13 01:55:09-05:00,48.19698535837233,16.431026849895716,2.98339,140.79999999999995,140.79999999999995,13.7736,13.7736,147,99,0.0
2018-06-13 01:55:14-05:00,48.1970820017159,16.430741026997566,3.0056599999999998,143.60000000000002,143.60000000000002,14.0076,14.0076,149,99,0.0
2018-06-13 01:55:17-05:00,48.19715375080705,16.430580848827958,3.01975,145.60000000000002,145.60000000000002,14.1768,14.1768,152,98,0.0
2018-06-13 01:55:22-05:00,48.197270929813385,16.43035378307104,3.04079,148.20000000000005,148.20000000000005,14.2416,14.2416,155,98,0.0
2018-06-13 01:55:26-05:00,48.197368159890175,16.430199723690748,3.0564899999999997,148.79999999999995,148.79999999999995,14.209200000000001,14.209200000000001,158,98,0.0
2018-06-13 01:55:31-05:00,48.19747637026012,16.429975423961878,3.07699,150.20000000000005,150.20000000000005,14.31,14.31,158,98,0.0
2018-06-13 01:55:37-05:00,48.19760201498866,16.429710304364562,3.10097,149.79999999999995,149.79999999999995,14.31,14.31,157,99,0.0
2018-06-13 01:55:42-05:00,48.19771693088114,16.42947670072317,3.12215,148.60000000000002,148.60000000000002,14.378400000000001,14.378400000000001,156,98,0.0
2018-06-13 01:55:48-05:00,48.19783687591553,16.429244438186288,3.14373,147.0,147.0,14.209200000000001,14.209200000000001,155,98,0.0
2018-06-13 01:55:53-05:00,48.19795673713088,16.429008236154914,3.16525,150.0,150.0,14.1408,14.1408,156,98,0.0
2018-06-13 01:55:58-05:00,48.1980767659843,16.428773626685143,3.18714,151.79999999999995,151.79999999999995,14.277600000000001,14.277600000000001,156,98,0.5
2018-06-13 01:56:02-05:00,48.19814885035157,16.428605150431395,3.2018400000000002,155.20000000000005,155.20000000000005,14.2416,14.2416,156,97,0.5
2018-06-13 01:56:08-05:00,48.19827667437494,16.428355956450105,3.22498,157.79999999999995,157.79999999999995,14.209200000000001,14.209200000000001,157,99,0.0
2018-06-13 01:56:14-05:00,48.19840198382735,16.42812855541706,3.24667,159.39999999999998,159.39999999999998,14.1084,14.1084,158,99,0.0
2018-06-13 01:56:18-05:00,48.19848722778261,16.427923953160644,3.26432,162.0,162.0,14.076,14.076,158,99,0.0
2018-06-13 01:56:24-05:00,48.19854942150414,16.427652714774013,3.2849899999999996,165.0,165.0,8.1288,8.1288,155,71,0.5
2018-06-13 01:56:29-05:00,48.19856744259596,16.427565459161997,3.29155,166.0,166.0,4.2984,4.2984,152,0,0.0
2018-06-13 01:56:49-05:00,48.19867389276624,16.42736571840942,3.31006,163.79999999999995,163.79999999999995,4.0644,4.0644,149,60,0.0
2018-06-13 01:56:51-05:00,48.19869509898126,16.427338644862175,3.3131500000000003,164.20000000000005,164.20000000000005,4.266,4.266,154,60,0.0
2018-06-13 01:56:52-05:00,48.198703061789274,16.427328335121274,3.31431,164.39999999999998,164.39999999999998,4.3344,4.3344,158,60,0.0
2018-06-13 01:56:53-05:00,48.19871119223535,16.427319701761007,3.31542,164.20000000000005,164.20000000000005,4.4352,4.4352,158,60,0.0
2018-06-13 01:56:55-05:00,48.198725022375584,16.427296735346317,3.31767,164.20000000000005,164.20000000000005,4.467600000000001,4.467600000000001,164,60,0.0
2018-06-13 01:56:56-05:00,48.1987311411649,16.427282905206084,3.31886,164.60000000000002,164.60000000000002,4.5,4.5,168,0,0.0
2018-06-13 01:57:00-05:00,48.19876433350146,16.42722498625517,3.3245,166.0,166.0,4.7016,4.7016,165,0,0.0
2018-06-13 01:57:05-05:00,48.198832562193274,16.427118703722954,3.33545,168.0,168.0,5.3424000000000005,5.3424000000000005,162,80,0.5
2018-06-13 01:57:13-05:00,48.19896440953016,16.426940839737654,3.35523,165.20000000000005,165.20000000000005,7.354800000000001,7.354800000000001,166,81,0.5
2018-06-13 01:57:14-05:00,48.19897756911814,16.426918040961027,3.3574499999999996,165.39999999999998,165.39999999999998,7.4556000000000004,7.4556000000000004,163,81,0.5
2018-06-13 01:57:16-05:00,48.19900330156088,16.426862385123968,3.36246,165.0,165.0,7.6932,7.6932,166,81,0.5
2018-06-13 01:57:20-05:00,48.199063232168555,16.426778733730316,3.3715,164.0,164.0,8.028,8.028,169,81,0.0
2018-06-13 01:57:23-05:00,48.199117965996265,16.42670564353466,3.37955,162.0,162.0,8.3628,8.3628,164,81,0.5
2018-06-13 01:57:24-05:00,48.19913472980261,16.42667882144451,3.38218,161.20000000000005,161.20000000000005,8.4636,8.4636,164,81,0.5
2018-06-13 01:57:25-05:00,48.19915157742798,16.426652669906616,3.38486,160.60000000000002,160.60000000000002,8.564400000000001,8.564400000000001,160,82,0.5
2018-06-13 01:57:27-05:00,48.199188373982906,16.42659961245954,3.3905,159.39999999999998,159.39999999999998,8.802,8.802,156,82,0.5
2018-06-13 01:57:28-05:00,48.19920471869409,16.426576981320977,3.39298,158.60000000000002,158.60000000000002,8.9028,8.9028,160,82,0.5
2018-06-13 01:57:30-05:00,48.19924277253449,16.4265292044729,3.39848,157.0,157.0,8.967600000000001,8.967600000000001,164,82,0.5
2018-06-13 01:57:39-05:00,48.19939373061061,16.426343796774745,3.42014,153.60000000000002,153.60000000000002,9.1692,9.1692,156,84,0.5
2018-06-13 01:57:40-05:00,48.19940974004567,16.42632736824453,3.42229,153.39999999999998,153.39999999999998,9.1692,9.1692,152,84,0.5
2018-06-13 01:57:41-05:00,48.199422312900424,16.426317980512977,3.4238600000000003,153.0,153.0,9.1692,9.1692,146,84,0.5
2018-06-13 01:57:42-05:00,48.1994338799268,16.426304066553712,3.4254499999999997,153.39999999999998,153.39999999999998,9.1368,9.1368,147,84,0.5
2018-06-13 01:57:43-05:00,48.19944351911545,16.426290487870574,3.42686,153.20000000000005,153.20000000000005,9.1044,9.1044,140,84,0.5
2018-06-13 01:57:44-05:00,48.19945424795151,16.426278753206134,3.4283200000000003,152.79999999999995,152.79999999999995,9.1044,9.1044,136,84,0.5
2018-06-13 01:57:53-05:00,48.19957637228072,16.42604942433536,3.4500300000000004,145.60000000000002,145.60000000000002,9.2052,9.2052,137,84,0.5
2018-06-13 01:57:55-05:00,48.19958969950676,16.42599133774638,3.45397,140.39999999999998,140.39999999999998,9.2052,9.2052,140,84,0.5
2018-06-13 01:57:57-05:00,48.199629597365856,16.42585982568562,3.46333,142.39999999999998,142.39999999999998,9.3384,9.3384,146,84,0.5
2018-06-13 01:57:58-05:00,48.199654910713434,16.425826800987124,3.46706,142.39999999999998,142.39999999999998,9.3384,9.3384,146,84,0.5
2018-06-13 01:58:04-05:00,48.199786925688386,16.425611888989806,3.48858,146.60000000000002,146.60000000000002,9.9756,9.9756,139,85,0.5
2018-06-13 01:58:05-05:00,48.199804443866014,16.425583558157086,3.49142,146.60000000000002,146.60000000000002,10.011600000000001,10.011600000000001,139,85,0.5
2018-06-13 01:58:12-05:00,48.19991558790207,16.425338136032224,3.51256,151.39999999999998,151.39999999999998,10.011600000000001,10.011600000000001,140,84,0.5
2018-06-13 01:58:16-05:00,48.19997292011976,16.425175610929728,3.52546,154.60000000000002,154.60000000000002,10.1448,10.1448,143,85,0.5
2018-06-13 01:58:23-05:00,48.200089763849974,16.42494359984994,3.5464,155.0,155.0,10.3788,10.3788,146,85,0.5
2018-06-13 01:58:31-05:00,48.200196884572506,16.424685521051288,3.56761,154.39999999999998,154.39999999999998,10.346400000000001,10.346400000000001,148,85,0.5
2018-06-13 01:58:39-05:00,48.20034658536315,16.424521068111062,3.58811,153.0,153.0,10.2132,10.2132,149,85,0.5
2018-06-13 01:58:47-05:00,48.20047080516815,16.424301294609904,3.60929,152.79999999999995,152.79999999999995,10.0764,10.0764,150,84,0.5
2018-06-13 01:58:55-05:00,48.20057541131973,16.424019327387214,3.6321,152.0,152.0,10.1448,10.1448,150,85,0.5
2018-06-13 01:59:02-05:00,48.2006770838052,16.423793267458677,3.65204,153.0,153.0,10.1448,10.1448,151,85,0.5
2018-06-13 01:59:10-05:00,48.200813038274646,16.42360626719892,3.6724200000000002,150.60000000000002,150.60000000000002,10.0764,10.0764,149,85,0.5
2018-06-13 01:59:17-05:00,48.2009207457304,16.423327568918467,3.69597,154.20000000000005,154.20000000000005,10.2132,10.2132,148,85,0.5
2018-06-13 01:59:24-05:00,48.20102987810969,16.423111399635673,3.7160300000000004,157.60000000000002,157.60000000000002,10.278,10.278,146,85,0.5
2018-06-13 01:59:31-05:00,48.20115954615176,16.42291199415922,3.73669,157.79999999999995,157.79999999999995,10.3788,10.3788,147,85,0.5
2018-06-13 01:59:38-05:00,48.20126147009432,16.422675037756562,3.75725,156.60000000000002,156.60000000000002,10.5156,10.5156,147,85,0.5
2018-06-13 01:59:46-05:00,48.20137864910066,16.42244235612452,3.77854,158.39999999999998,158.39999999999998,10.3788,10.3788,149,85,0.5
2018-06-13 01:59:54-05:00,48.201497085392475,16.422198861837387,3.80046,158.79999999999995,158.79999999999995,10.245600000000001,10.245600000000001,150,84,0.5
2018-06-13 02:00:02-05:00,48.20162381976843,16.421975065022707,3.82225,154.79999999999995,154.79999999999995,10.245600000000001,10.245600000000001,151,85,0.5
2018-06-13 02:00:10-05:00,48.20174208842218,16.421729139983654,3.8439,152.79999999999995,152.79999999999995,10.177200000000001,10.177200000000001,151,85,0.5
2018-06-13 02:00:17-05:00,48.201850801706314,16.42151447944343,3.86377,152.20000000000005,152.20000000000005,10.1448,10.1448,148,84,0.5
2018-06-13 02:00:25-05:00,48.20196119137108,16.421293197199702,3.88384,152.20000000000005,152.20000000000005,10.0764,10.0764,149,85,0.5
2018-06-13 02:00:30-05:00,48.2020415738225,16.42111130990088,3.89933,155.60000000000002,155.60000000000002,10.0764,10.0764,152,85,0.5
2018-06-13 02:00:37-05:00,48.2021745108068,16.42087292857468,3.92151,160.0,160.0,10.2132,10.2132,154,85,0.5
2018-06-13 02:00:45-05:00,48.20229168981314,16.420642593875527,3.9427399999999997,161.60000000000002,161.60000000000002,10.177200000000001,10.177200000000001,153,85,0.5
2018-06-13 02:00:52-05:00,48.202408868819475,16.420413767918944,3.96399,161.20000000000005,161.20000000000005,10.2132,10.2132,155,85,0.5
2018-06-13 02:00:58-05:00,48.202512888237834,16.420182259753346,3.98451,160.79999999999995,160.79999999999995,10.4148,10.4148,155,84,0.5
2018-06-13 02:01:05-05:00,48.2026319950819,16.41997179016471,4.00491,158.0,158.0,10.4796,10.4796,153,85,0.5
2018-06-13 02:01:13-05:00,48.20275395177305,16.419750340282917,4.02603,155.0,155.0,10.4148,10.4148,154,85,0.5
2018-06-13 02:01:15-05:00,48.20278429426253,16.41969812102616,4.03115,154.39999999999998,154.39999999999998,10.3788,10.3788,151,85,0.5
2018-06-13 02:01:17-05:00,48.202814888209105,16.419653110206127,4.035909999999999,153.20000000000005,153.20000000000005,10.346400000000001,10.346400000000001,151,85,0.5
2018-06-13 02:01:23-05:00,48.202909184619784,16.41947985626757,4.05227,152.20000000000005,152.20000000000005,10.278,10.278,148,85,0.5
2018-06-13 02:01:31-05:00,48.20301982574165,16.419255891814828,4.07281,148.79999999999995,148.79999999999995,10.177200000000001,10.177200000000001,150,84,0.5
2018-06-13 02:01:34-05:00,48.203064668923616,16.41915438696742,4.08164,149.20000000000005,149.20000000000005,10.177200000000001,10.177200000000001,155,85,0.5
2018-06-13 02:01:35-05:00,48.20307992398739,16.41913041472435,4.08409,149.20000000000005,149.20000000000005,10.177200000000001,10.177200000000001,159,85,0.5
2018-06-13 02:01:36-05:00,48.20309509523213,16.419108789414167,4.08641,149.20000000000005,149.20000000000005,10.177200000000001,10.177200000000001,158,85,0.5
2018-06-13 02:01:43-05:00,48.20321864448488,16.41889790073037,4.10681,151.20000000000005,151.20000000000005,10.1448,10.1448,158,84,0.5
2018-06-13 02:01:48-05:00,48.20329894311726,16.418738225474954,4.12134,151.0,151.0,10.177200000000001,10.177200000000001,161,85,0.5
2018-06-13 02:01:55-05:00,48.20340086705983,16.418466735631227,4.1437,153.60000000000002,153.60000000000002,10.278,10.278,160,84,0.5
2018-06-13 02:02:01-05:00,48.20349818095565,16.418308904394507,4.15967,152.60000000000002,152.60000000000002,10.278,10.278,163,85,0.5
2018-06-13 02:02:09-05:00,48.20367478765547,16.418173285201192,4.18194,154.20000000000005,154.20000000000005,10.278,10.278,165,84,0.5
2018-06-13 02:02:13-05:00,48.20377034135163,16.41821812838316,4.19305,154.0,154.0,10.278,10.278,170,84,0.5
2018-06-13 02:02:14-05:00,48.20378794334829,16.418242771178484,4.195729999999999,154.39999999999998,154.39999999999998,10.278,10.278,173,84,0.5
2018-06-13 02:02:15-05:00,48.20380504243076,16.418267162516713,4.19836,154.79999999999995,154.79999999999995,10.278,10.278,173,85,0.5
2018-06-13 02:02:22-05:00,48.20390218868852,16.418448546901345,4.21563,155.0,155.0,10.177200000000001,10.177200000000001,171,85,0.5
2018-06-13 02:02:30-05:00,48.20404903963208,16.418672343716025,4.23897,157.39999999999998,157.39999999999998,10.1448,10.1448,169,84,0.5
2018-06-13 02:02:36-05:00,48.20419102907181,16.418861355632544,4.26012,158.39999999999998,158.39999999999998,10.314000000000002,10.314000000000002,170,84,0.5
2018-06-13 02:02:43-05:00,48.20432832464576,16.419065287336707,4.2816,159.79999999999995,159.79999999999995,10.4148,10.4148,169,84,0.5
2018-06-13 02:02:51-05:00,48.20446872152388,16.419270811602473,4.30339,161.39999999999998,161.39999999999998,10.245600000000001,10.245600000000001,170,85,0.5
2018-06-13 02:02:58-05:00,48.20459922775626,16.419455632567406,4.32344,164.0,164.0,10.278,10.278,169,85,0.5
2018-06-13 02:03:05-05:00,48.20472730323672,16.41966543160379,4.34456,164.20000000000005,164.20000000000005,10.346400000000001,10.346400000000001,167,84,0.5
2018-06-13 02:03:07-05:00,48.20475798100233,16.41972695477307,4.350239999999999,163.39999999999998,163.39999999999998,10.346400000000001,10.346400000000001,167,84,0.5
2018-06-13 02:03:19-05:00,48.20480081252754,16.419863579794765,4.35109,159.79999999999995,159.79999999999995,5.7096,5.7096,169,60,0.0
2018-06-13 02:03:20-05:00,48.20478807203472,16.41987120732665,4.35262,159.39999999999998,159.39999999999998,4.8708,4.8708,169,60,0.0
2018-06-13 02:03:27-05:00,48.20469335652888,16.420063320547342,4.37041,155.0,155.0,8.298,8.298,166,84,0.5
2018-06-13 02:03:34-05:00,48.204559748992324,16.420289631932974,4.39287,148.60000000000002,148.60000000000002,9.9108,9.9108,166,85,0.5
2018-06-13 02:03:38-05:00,48.20448137819767,16.420400189235806,4.404850000000001,145.60000000000002,145.60000000000002,10.278,10.278,169,84,0.5
2018-06-13 02:03:46-05:00,48.20435833185911,16.420623064041138,4.4265,143.60000000000002,143.60000000000002,9.8748,9.8748,168,83,0.5
2018-06-13 02:03:52-05:00,48.204310638830066,16.42080000601709,4.44087,146.60000000000002,146.60000000000002,9.6084,9.6084,169,84,0.5
2018-06-13 02:03:59-05:00,48.20432312786579,16.4210775308311,4.46143,155.39999999999998,155.39999999999998,9.6732,9.6732,169,84,0.5
2018-06-13 02:04:06-05:00,48.204317511990666,16.42136679030955,4.4831,156.60000000000002,156.60000000000002,9.8424,9.8424,170,85,0.5
2018-06-13 02:04:13-05:00,48.20430292747915,16.421659821644425,4.50492,154.0,154.0,10.044,10.044,170,85,0.5
2018-06-13 02:04:20-05:00,48.20429312065244,16.421944806352258,4.5261499999999995,154.20000000000005,154.20000000000005,10.2132,10.2132,170,85,0.5
2018-06-13 02:04:27-05:00,48.20429370738566,16.422215793281794,4.54631,155.20000000000005,155.20000000000005,10.245600000000001,10.245600000000001,168,84,0.5
2018-06-13 02:04:34-05:00,48.20430334657431,16.42250295728445,4.56757,159.39999999999998,159.39999999999998,10.314000000000002,10.314000000000002,168,84,0.5
2018-06-13 02:04:38-05:00,48.204284235835075,16.422638911753893,4.57788,161.60000000000002,161.60000000000002,10.314000000000002,10.314000000000002,168,84,0.5
